,mean_fit_time,std_fit_time,mean_score_time,std_score_time,param_kneighborsclassifier__n_neighbors,params,split0_test_score,split1_test_score,split2_test_score,split3_test_score,split4_test_score,mean_test_score,std_test_score,rank_test_score
0,0.04443373680114746,0.06599002003083042,0.09186558723449707,0.020374749194083882,3,{'kneighborsclassifier__n_neighbors': 3},0.48554913294797686,0.8436293436293436,0.7567567567567568,0.7857142857142857,0.7258687258687259,0.7195036489834178,0.12325101241251192,1
1,0.010969114303588868,0.002309110751116993,0.08128843307495118,0.009727532576660468,4,{'kneighborsclassifier__n_neighbors': 4},0.464354527938343,0.8223938223938224,0.7934362934362934,0.7644787644787645,0.7046332046332047,0.7098593225760856,0.12878844951316823,3
2,0.010720348358154297,0.0011239633901167325,0.06814036369323731,0.006486269260332244,5,{'kneighborsclassifier__n_neighbors': 5},0.47591522157996147,0.8223938223938224,0.7702702702702703,0.7837837837837838,0.7027027027027027,0.711013160146108,0.12373578715035764,2
3,0.009514760971069337,0.0013654231433991623,0.07294220924377441,0.004558780832563815,6,{'kneighborsclassifier__n_neighbors': 6},0.47398843930635837,0.7934362934362934,0.7702702702702703,0.7355212355212355,0.7316602316602316,0.7009752940388778,0.11576601386552865,4
4,0.00958390235900879,0.0013683527864321006,0.07202024459838867,0.010355519149806527,7,{'kneighborsclassifier__n_neighbors': 7},0.47398843930635837,0.7915057915057915,0.7316602316602316,0.7432432432432432,0.7277992277992278,0.6936393867029704,0.11215827553944692,5
